{
  "best_model": "XGBoost",
  "best_f1": 0.996193425760628,
  "best_accuracy": 0.9961832061068703,
  "all_results": {
    "Random Forest": {
      "f1": 0.9911233602295763,
      "accuracy": 0.9910941475826972,
      "precision": 0.9915164641451688,
      "recall": 0.9910941475826972,
      "auc": 0.999818273987526,
      "cv_f1_mean": 0.9964336506338537,
      "cv_f1_std": 0.0009865791917499762
    },
    "Extra Trees": {
      "f1": 0.9923645988310574,
      "accuracy": 0.9923664122137404,
      "precision": 0.9923764564081959,
      "recall": 0.9923664122137404,
      "auc": 0.9998113361921458,
      "cv_f1_mean": 0.9968274522500641,
      "cv_f1_std": 0.001888365878735514
    },
    "Gradient Boosting": {
      "f1": 0.996181360065732,
      "accuracy": 0.9961832061068703,
      "precision": 0.9961840838281064,
      "recall": 0.9961832061068703,
      "auc": 0.9998853820106877,
      "cv_f1_mean": 0.9952430842718026,
      "cv_f1_std": 0.0009715656986242225
    },
    "XGBoost": {
      "f1": 0.996193425760628,
      "accuracy": 0.9961832061068703,
      "precision": 0.9962429309306889,
      "recall": 0.9961832061068703,
      "auc": 0.999933146380784,
      "cv_f1_mean": 0.9968252811642998,
      "cv_f1_std": 0.001058194844852411
    },
    "LightGBM": {
      "f1": 0.9949213641610676,
      "accuracy": 0.9949109414758269,
      "precision": 0.9949840408910317,
      "recall": 0.9949109414758269,
      "auc": 0.9999696914860564,
      "cv_f1_mean": 0.9966925969096968,
      "cv_f1_std": 0.0004208711629878864
    },
    "SVM (RBF)": {
      "f1": 0.9898250777133348,
      "accuracy": 0.989821882951654,
      "precision": 0.9898850754839618,
      "recall": 0.989821882951654,
      "auc": 0.9998537800127829,
      "cv_f1_mean": 0.9973564453270065,
      "cv_f1_std": 0.001507267426983828
    }
  }
}